Date,Open,High,Low,Close,Volume,Ticker,Sector,Country
2025-04-01 00:00:00+05:30,1539.25,1547.4000244140625,1517.8499755859375,1526.5,12680733,INFY.NS,IT,India
2025-04-02 00:00:00+05:30,1535.199951171875,1555.6500244140625,1535.199951171875,1550.1500244140625,6193478,INFY.NS,IT,India
2025-04-03 00:00:00+05:30,1534.6500244140625,1534.6500244140625,1485.050048828125,1496.5,10459504,INFY.NS,IT,India
2025-04-04 00:00:00+05:30,1460.5,1472.0,1448.0,1451.6500244140625,9590254,INFY.NS,IT,India
2025-04-07 00:00:00+05:30,1352.0,1405.9000244140625,1307.0,1396.75,21715252,INFY.NS,IT,India
2025-04-08 00:00:00+05:30,1431.0,1456.5,1415.0,1428.800048828125,12805001,INFY.NS,IT,India
2025-04-09 00:00:00+05:30,1405.050048828125,1409.449951171875,1381.9000244140625,1403.699951171875,8546854,INFY.NS,IT,India
2025-04-11 00:00:00+05:30,1411.25,1438.800048828125,1397.050048828125,1409.449951171875,12567440,INFY.NS,IT,India
2025-04-15 00:00:00+05:30,1445.5999755859375,1447.699951171875,1409.0,1426.0,10178530,INFY.NS,IT,India
2025-04-16 00:00:00+05:30,1425.0,1427.5,1396.800048828125,1413.0999755859375,12022740,INFY.NS,IT,India
2025-04-17 00:00:00+05:30,1398.0,1429.800048828125,1378.300048828125,1419.5,14264227,INFY.NS,IT,India
2025-04-21 00:00:00+05:30,1410.0,1471.800048828125,1410.0,1451.0,15648970,INFY.NS,IT,India
2025-04-22 00:00:00+05:30,1440.0,1440.0,1419.300048828125,1422.800048828125,9399738,INFY.NS,IT,India
2025-04-23 00:00:00+05:30,1446.0,1487.800048828125,1439.5999755859375,1474.9000244140625,11136642,INFY.NS,IT,India
2025-04-24 00:00:00+05:30,1469.9000244140625,1482.9000244140625,1461.5,1471.4000244140625,7114292,INFY.NS,IT,India
2025-04-25 00:00:00+05:30,1475.5,1501.699951171875,1463.5,1480.199951171875,8329979,INFY.NS,IT,India
2025-04-01 00:00:00+05:30,3572.699951171875,3584.0,3525.0,3550.800048828125,2618493,TCS.NS,IT,India
2025-04-02 00:00:00+05:30,3544.0,3564.10009765625,3530.050048828125,3543.949951171875,1764313,TCS.NS,IT,India
2025-04-03 00:00:00+05:30,3491.0,3502.0,3396.14990234375,3403.14990234375,4537821,TCS.NS,IT,India
2025-04-04 00:00:00+05:30,3362.60009765625,3399.64990234375,3295.5,3299.39990234375,5317367,TCS.NS,IT,India
2025-04-07 00:00:00+05:30,3100.0,3291.39990234375,3056.050048828125,3274.050048828125,6623955,TCS.NS,IT,India
2025-04-08 00:00:00+05:30,3302.050048828125,3349.0,3255.300048828125,3292.949951171875,5557558,TCS.NS,IT,India
2025-04-09 00:00:00+05:30,3260.550048828125,3270.0,3212.050048828125,3246.60009765625,2990265,TCS.NS,IT,India
2025-04-11 00:00:00+05:30,3289.550048828125,3298.949951171875,3206.0,3231.5,7108961,TCS.NS,IT,India
2025-04-15 00:00:00+05:30,3314.39990234375,3314.39990234375,3238.60009765625,3248.199951171875,3512160,TCS.NS,IT,India
2025-04-16 00:00:00+05:30,3248.199951171875,3278.10009765625,3229.0,3273.800048828125,2384391,TCS.NS,IT,India
2025-04-17 00:00:00+05:30,3245.5,3303.60009765625,3218.0,3298.89990234375,2932346,TCS.NS,IT,India
2025-04-21 00:00:00+05:30,3290.10009765625,3354.0,3284.10009765625,3321.60009765625,2432946,TCS.NS,IT,India
2025-04-22 00:00:00+05:30,3322.60009765625,3333.89990234375,3295.0,3314.39990234375,2710498,TCS.NS,IT,India
2025-04-23 00:00:00+05:30,3365.0,3420.89990234375,3337.300048828125,3413.0,3543923,TCS.NS,IT,India
2025-04-24 00:00:00+05:30,3401.10009765625,3412.5,3387.699951171875,3401.60009765625,2252175,TCS.NS,IT,India
2025-04-25 00:00:00+05:30,3420.0,3477.800048828125,3405.0,3448.0,2742991,TCS.NS,IT,India
2025-04-01 00:00:00+05:30,260.3500061035156,263.0,258.5,262.6000061035156,8388635,WIPRO.NS,IT,India
2025-04-02 00:00:00+05:30,262.79998779296875,265.54998779296875,261.1000061035156,263.6000061035156,7136992,WIPRO.NS,IT,India
2025-04-03 00:00:00+05:30,259.8999938964844,260.5,255.3000030517578,256.3500061035156,12262561,WIPRO.NS,IT,India
2025-04-04 00:00:00+05:30,253.0,253.9499969482422,244.85000610351562,246.3000030517578,14639785,WIPRO.NS,IT,India
2025-04-07 00:00:00+05:30,231.0500030517578,243.85000610351562,228.0,242.89999389648438,13011904,WIPRO.NS,IT,India
2025-04-08 00:00:00+05:30,244.75,249.5,243.85000610351562,247.25,13806651,WIPRO.NS,IT,India
2025-04-09 00:00:00+05:30,240.6999969482422,242.3000030517578,234.0,236.64999389648438,19063559,WIPRO.NS,IT,India
2025-04-11 00:00:00+05:30,245.0,245.0,238.35000610351562,239.75,11205821,WIPRO.NS,IT,India
2025-04-15 00:00:00+05:30,245.0500030517578,245.0500030517578,241.35000610351562,244.0,10694621,WIPRO.NS,IT,India
2025-04-16 00:00:00+05:30,244.0,248.4499969482422,241.1999969482422,247.64999389648438,16203319,WIPRO.NS,IT,India
2025-04-17 00:00:00+05:30,235.0,237.8000030517578,232.14999389648438,236.89999389648438,54875421,WIPRO.NS,IT,India
2025-04-21 00:00:00+05:30,237.39999389648438,240.8000030517578,237.39999389648438,238.4499969482422,16298364,WIPRO.NS,IT,India
2025-04-22 00:00:00+05:30,238.4499969482422,239.0,233.5,234.14999389648438,18367713,WIPRO.NS,IT,India
2025-04-23 00:00:00+05:30,237.1999969482422,245.35000610351562,236.10000610351562,243.60000610351562,31898042,WIPRO.NS,IT,India
2025-04-24 00:00:00+05:30,244.8000030517578,245.14999389648438,241.5,242.75,23000820,WIPRO.NS,IT,India
2025-04-25 00:00:00+05:30,243.9499969482422,246.14999389648438,238.0500030517578,240.89999389648438,16620430,WIPRO.NS,IT,India
2025-04-01 00:00:00+05:30,1402.0,1416.949951171875,1385.4000244140625,1395.1500244140625,1578367,TECHM.NS,IT,India
2025-04-02 00:00:00+05:30,1397.1500244140625,1426.050048828125,1397.1500244140625,1423.050048828125,1617949,TECHM.NS,IT,India
2025-04-03 00:00:00+05:30,1397.0,1400.0,1360.25,1369.3499755859375,1943422,TECHM.NS,IT,India
2025-04-04 00:00:00+05:30,1350.0,1359.199951171875,1318.8499755859375,1320.949951171875,1757493,TECHM.NS,IT,India
2025-04-07 00:00:00+05:30,1245.0,1293.800048828125,1209.4000244140625,1288.0,3044730,TECHM.NS,IT,India
2025-04-08 00:00:00+05:30,1314.0,1342.050048828125,1291.1500244140625,1314.4000244140625,2868814,TECHM.NS,IT,India
2025-04-09 00:00:00+05:30,1290.0,1299.949951171875,1264.3499755859375,1272.75,3724878,TECHM.NS,IT,India
2025-04-11 00:00:00+05:30,1275.0,1312.3499755859375,1274.199951171875,1282.25,1803181,TECHM.NS,IT,India
2025-04-15 00:00:00+05:30,1314.199951171875,1314.199951171875,1286.800048828125,1301.699951171875,1511866,TECHM.NS,IT,India
2025-04-16 00:00:00+05:30,1292.0,1314.5999755859375,1283.5,1308.699951171875,1093342,TECHM.NS,IT,India
2025-04-17 00:00:00+05:30,1295.0999755859375,1308.9000244140625,1275.9000244140625,1306.800048828125,3027966,TECHM.NS,IT,India
2025-04-21 00:00:00+05:30,1304.0,1389.0,1303.0,1373.5,3759267,TECHM.NS,IT,India
2025-04-22 00:00:00+05:30,1374.0,1396.0,1361.199951171875,1376.5,2471135,TECHM.NS,IT,India
2025-04-23 00:00:00+05:30,1418.9000244140625,1449.4000244140625,1408.0,1439.5999755859375,5944062,TECHM.NS,IT,India
2025-04-24 00:00:00+05:30,1445.0,1467.5,1434.300048828125,1445.199951171875,2501415,TECHM.NS,IT,India
2025-04-25 00:00:00+05:30,1455.4000244140625,1473.9000244140625,1375.0,1462.0,8211667,TECHM.NS,IT,India
2025-04-01 00:00:00+05:30,1577.0,1585.0,1526.0999755859375,1530.3499755859375,4126827,HCLTECH.NS,IT,India
2025-04-02 00:00:00+05:30,1515.0,1538.550048828125,1506.4000244140625,1527.550048828125,3167863,HCLTECH.NS,IT,India
2025-04-03 00:00:00+05:30,1500.0,1500.0,1465.0,1470.0999755859375,3966161,HCLTECH.NS,IT,India
2025-04-04 00:00:00+05:30,1449.0,1456.199951171875,1419.0999755859375,1422.0999755859375,4421312,HCLTECH.NS,IT,India
2025-04-07 00:00:00+05:30,1345.0,1383.75,1302.75,1374.0999755859375,6484139,HCLTECH.NS,IT,India
2025-04-08 00:00:00+05:30,1380.0,1424.25,1372.0,1403.3499755859375,3938359,HCLTECH.NS,IT,India
2025-04-09 00:00:00+05:30,1380.6500244140625,1388.699951171875,1357.050048828125,1380.0,3306801,HCLTECH.NS,IT,India
2025-04-11 00:00:00+05:30,1360.0,1425.0,1360.0,1390.550048828125,4859622,HCLTECH.NS,IT,India
2025-04-15 00:00:00+05:30,1420.0,1428.800048828125,1406.0,1426.5,3265147,HCLTECH.NS,IT,India
2025-04-16 00:00:00+05:30,1415.0,1436.0999755859375,1405.5,1431.699951171875,2553111,HCLTECH.NS,IT,India
2025-04-17 00:00:00+05:30,1420.0,1442.0999755859375,1384.0,1438.0,3549969,HCLTECH.NS,IT,India
2025-04-21 00:00:00+05:30,1435.0,1499.0,1430.0,1482.0,2840104,HCLTECH.NS,IT,India
2025-04-22 00:00:00+05:30,1490.0,1499.9000244140625,1464.5,1479.9000244140625,2608145,HCLTECH.NS,IT,India
2025-04-23 00:00:00+05:30,1555.0,1600.0,1543.699951171875,1594.0,13293318,HCLTECH.NS,IT,India
2025-04-24 00:00:00+05:30,1595.0,1603.300048828125,1576.0999755859375,1586.699951171875,3193118,HCLTECH.NS,IT,India
2025-04-25 00:00:00+05:30,1590.0,1618.0,1568.0999755859375,1578.199951171875,3800415,HCLTECH.NS,IT,India
2025-04-01 00:00:00+05:30,13199.0,13450.0,12880.0,12923.900390625,305230,DIXON.NS,Electronics,India
2025-04-02 00:00:00+05:30,12950.0,13485.0,12899.75,13450.7001953125,390817,DIXON.NS,Electronics,India
2025-04-03 00:00:00+05:30,13303.2001953125,13567.4501953125,13095.0,13487.9501953125,343363,DIXON.NS,Electronics,India
2025-04-04 00:00:00+05:30,13450.0498046875,13472.75,13038.0,13137.5498046875,279276,DIXON.NS,Electronics,India
2025-04-07 00:00:00+05:30,12202.2001953125,12897.0,12202.2001953125,12556.0498046875,466181,DIXON.NS,Electronics,India
2025-04-08 00:00:00+05:30,13000.0,13239.9501953125,12751.0,12991.7998046875,356876,DIXON.NS,Electronics,India
2025-04-09 00:00:00+05:30,13130.0,13313.900390625,12755.0,13282.4501953125,447582,DIXON.NS,Electronics,India
2025-04-11 00:00:00+05:30,13946.5498046875,14339.0,13560.4501953125,14301.900390625,1021318,DIXON.NS,Electronics,India
2025-04-15 00:00:00+05:30,14800.0,14987.0,14502.0,14931.0,801314,DIXON.NS,Electronics,India
2025-04-16 00:00:00+05:30,14980.0,15315.0,14802.0,15252.0,606421,DIXON.NS,Electronics,India
2025-04-17 00:00:00+05:30,15210.0,15419.0,15150.0,15323.0,365315,DIXON.NS,Electronics,India
2025-04-21 00:00:00+05:30,15399.0,15997.0,15386.0,15816.0,476983,DIXON.NS,Electronics,India
2025-04-22 00:00:00+05:30,15955.0,16828.0,15875.0,16675.0,1077892,DIXON.NS,Electronics,India
2025-04-23 00:00:00+05:30,16949.0,17069.0,16311.0,16607.0,882979,DIXON.NS,Electronics,India
2025-04-24 00:00:00+05:30,16607.0,16740.0,16408.0,16588.0,306941,DIXON.NS,Electronics,India
2025-04-25 00:00:00+05:30,16590.0,16925.0,16100.0,16219.0,609389,DIXON.NS,Electronics,India
2025-04-01 00:00:00+05:30,215.14999389648438,215.6999969482422,210.0500030517578,211.69000244140625,16822545,BHEL.NS,Electronics,India
2025-04-02 00:00:00+05:30,213.10000610351562,213.14999389648438,207.41000366210938,212.5800018310547,9217703,BHEL.NS,Electronics,India
2025-04-03 00:00:00+05:30,209.16000366210938,220.5,209.16000366210938,218.67999267578125,14138540,BHEL.NS,Electronics,India
2025-04-04 00:00:00+05:30,218.67999267578125,221.89999389648438,213.0500030517578,214.4499969482422,20924777,BHEL.NS,Electronics,India
2025-04-07 00:00:00+05:30,194.0,209.08999633789062,193.5,207.6999969482422,19369229,BHEL.NS,Electronics,India
2025-04-08 00:00:00+05:30,211.0,214.89999389648438,208.5800018310547,210.94000244140625,9741351,BHEL.NS,Electronics,India
2025-04-09 00:00:00+05:30,210.94000244140625,214.1999969482422,205.19000244140625,211.80999755859375,10120991,BHEL.NS,Electronics,India
2025-04-11 00:00:00+05:30,216.0,217.99000549316406,212.5,212.97000122070312,7830994,BHEL.NS,Electronics,India
2025-04-15 00:00:00+05:30,216.0,222.64999389648438,214.14999389648438,221.8000030517578,13352688,BHEL.NS,Electronics,India
2025-04-16 00:00:00+05:30,221.8000030517578,226.89999389648438,220.75,226.0,16706004,BHEL.NS,Electronics,India
2025-04-17 00:00:00+05:30,228.0,229.39999389648438,224.52999877929688,227.38999938964844,14226916,BHEL.NS,Electronics,India
2025-04-21 00:00:00+05:30,226.16000366210938,228.9199981689453,220.32000732421875,227.19000244140625,25601594,BHEL.NS,Electronics,India
2025-04-22 00:00:00+05:30,228.0,232.4499969482422,227.10000610351562,228.32000732421875,10971980,BHEL.NS,Electronics,India
2025-04-23 00:00:00+05:30,230.39999389648438,231.3300018310547,224.10000610351562,230.52999877929688,9723451,BHEL.NS,Electronics,India
2025-04-24 00:00:00+05:30,229.0,231.52000427246094,226.57000732421875,230.5,13730795,BHEL.NS,Electronics,India
2025-04-25 00:00:00+05:30,230.97999572753906,231.7899932861328,217.85000610351562,222.3699951171875,18081374,BHEL.NS,Electronics,India
2025-04-01 00:00:00+05:30,354.3500061035156,355.3999938964844,347.04998779296875,350.0,267645,VGUARD.NS,Electronics,India
2025-04-02 00:00:00+05:30,348.5,356.95001220703125,345.20001220703125,354.75,146065,VGUARD.NS,Electronics,India
2025-04-03 00:00:00+05:30,354.0,358.1000061035156,350.25,355.25,127122,VGUARD.NS,Electronics,India
2025-04-04 00:00:00+05:30,357.3999938964844,357.3999938964844,346.6000061035156,352.20001220703125,146398,VGUARD.NS,Electronics,India
2025-04-07 00:00:00+05:30,330.0,351.79998779296875,330.0,347.95001220703125,250315,VGUARD.NS,Electronics,India
2025-04-08 00:00:00+05:30,349.6000061035156,364.95001220703125,348.0,360.04998779296875,485696,VGUARD.NS,Electronics,India
2025-04-09 00:00:00+05:30,360.0,362.29998779296875,354.25,357.75,219056,VGUARD.NS,Electronics,India
2025-04-11 00:00:00+05:30,365.0,365.5,355.95001220703125,361.8999938964844,214665,VGUARD.NS,Electronics,India
2025-04-15 00:00:00+05:30,364.3500061035156,364.8500061035156,357.79998779296875,363.8999938964844,323033,VGUARD.NS,Electronics,India
2025-04-16 00:00:00+05:30,365.0,365.95001220703125,359.1000061035156,361.45001220703125,229976,VGUARD.NS,Electronics,India
2025-04-17 00:00:00+05:30,362.04998779296875,362.95001220703125,348.5,352.3999938964844,631149,VGUARD.NS,Electronics,India
2025-04-21 00:00:00+05:30,352.3999938964844,355.3500061035156,347.04998779296875,354.1499938964844,380959,VGUARD.NS,Electronics,India
2025-04-22 00:00:00+05:30,357.1000061035156,361.45001220703125,349.8500061035156,360.0,559520,VGUARD.NS,Electronics,India
2025-04-23 00:00:00+05:30,360.79998779296875,361.5,355.5,358.8999938964844,334385,VGUARD.NS,Electronics,India
2025-04-24 00:00:00+05:30,358.8999938964844,360.25,351.70001220703125,358.0,419846,VGUARD.NS,Electronics,India
2025-04-25 00:00:00+05:30,358.0,358.70001220703125,353.6000061035156,356.3999938964844,366451,VGUARD.NS,Electronics,India
2025-04-01 00:00:00+05:30,302.0,305.79998779296875,290.0,292.0,33171384,BEL.NS,Electronics,India
2025-04-02 00:00:00+05:30,289.8999938964844,290.75,274.45001220703125,282.3999938964844,52653587,BEL.NS,Electronics,India
2025-04-03 00:00:00+05:30,283.0,288.25,282.6000061035156,287.5,20968721,BEL.NS,Electronics,India
2025-04-04 00:00:00+05:30,287.1000061035156,288.0,278.29998779296875,280.0,19699594,BEL.NS,Electronics,India
2025-04-07 00:00:00+05:30,257.0,274.5,256.20001220703125,272.1000061035156,24954083,BEL.NS,Electronics,India
2025-04-08 00:00:00+05:30,282.45001220703125,288.0,276.6000061035156,281.45001220703125,26787606,BEL.NS,Electronics,India
2025-04-09 00:00:00+05:30,281.0,282.79998779296875,276.6000061035156,280.1499938964844,11389916,BEL.NS,Electronics,India
2025-04-11 00:00:00+05:30,283.0,287.0,282.6499938964844,285.0,13883110,BEL.NS,Electronics,India
2025-04-15 00:00:00+05:30,289.8999938964844,294.1499938964844,287.54998779296875,293.70001220703125,19512440,BEL.NS,Electronics,India
2025-04-16 00:00:00+05:30,293.5,295.3500061035156,291.29998779296875,293.6000061035156,12479078,BEL.NS,Electronics,India
2025-04-17 00:00:00+05:30,293.0,296.6000061035156,291.1499938964844,295.1499938964844,13609937,BEL.NS,Electronics,India
2025-04-21 00:00:00+05:30,297.5,301.6000061035156,295.1499938964844,299.95001220703125,14064356,BEL.NS,Electronics,India
2025-04-22 00:00:00+05:30,301.0,304.75,299.75,303.3500061035156,11962358,BEL.NS,Electronics,India
2025-04-23 00:00:00+05:30,305.6000061035156,310.29998779296875,301.79998779296875,305.8500061035156,21918666,BEL.NS,Electronics,India
2025-04-24 00:00:00+05:30,305.0,308.6000061035156,303.45001220703125,305.70001220703125,17241517,BEL.NS,Electronics,India
2025-04-25 00:00:00+05:30,306.79998779296875,307.79998779296875,293.70001220703125,297.6000061035156,20307004,BEL.NS,Electronics,India
2025-04-01 00:00:00+05:30,1515.0,1517.800048828125,1488.8499755859375,1501.300048828125,723671,HAVELLS.NS,Electronics,India
2025-04-02 00:00:00+05:30,1504.75,1519.550048828125,1484.1500244140625,1510.449951171875,802612,HAVELLS.NS,Electronics,India
2025-04-03 00:00:00+05:30,1485.0999755859375,1528.0,1485.0999755859375,1518.699951171875,452802,HAVELLS.NS,Electronics,India
2025-04-04 00:00:00+05:30,1505.0,1516.0999755859375,1456.050048828125,1469.25,753027,HAVELLS.NS,Electronics,India
2025-04-07 00:00:00+05:30,1397.0,1461.5,1389.5,1456.0999755859375,857804,HAVELLS.NS,Electronics,India
2025-04-08 00:00:00+05:30,1456.0999755859375,1474.449951171875,1447.5,1463.1500244140625,1232475,HAVELLS.NS,Electronics,India
2025-04-09 00:00:00+05:30,1466.0,1479.0999755859375,1451.0,1469.699951171875,441153,HAVELLS.NS,Electronics,India
2025-04-11 00:00:00+05:30,1458.050048828125,1537.699951171875,1458.050048828125,1532.8499755859375,1019197,HAVELLS.NS,Electronics,India
2025-04-15 00:00:00+05:30,1529.0999755859375,1577.5999755859375,1499.5,1571.699951171875,1878333,HAVELLS.NS,Electronics,India
2025-04-16 00:00:00+05:30,1576.0,1626.0,1563.199951171875,1613.9000244140625,1102376,HAVELLS.NS,Electronics,India
2025-04-17 00:00:00+05:30,1613.5999755859375,1646.800048828125,1609.0,1638.5,1468556,HAVELLS.NS,Electronics,India
2025-04-21 00:00:00+05:30,1640.0,1662.300048828125,1631.0,1647.199951171875,917439,HAVELLS.NS,Electronics,India
2025-04-22 00:00:00+05:30,1657.199951171875,1673.800048828125,1644.699951171875,1664.699951171875,926695,HAVELLS.NS,Electronics,India
2025-04-23 00:00:00+05:30,1640.0,1640.0,1583.4000244140625,1612.0,4912430,HAVELLS.NS,Electronics,India
2025-04-24 00:00:00+05:30,1623.0,1623.0,1586.0,1604.5999755859375,1594861,HAVELLS.NS,Electronics,India
2025-04-25 00:00:00+05:30,1613.0,1618.699951171875,1573.300048828125,1599.800048828125,2010475,HAVELLS.NS,Electronics,India
2025-04-01 00:00:00+05:30,621.2999877929688,641.7999877929688,621.2999877929688,634.75,1451347,UPL.NS,Agriculture,India
2025-04-02 00:00:00+05:30,631.9000244140625,656.0999755859375,630.8499755859375,654.4500122070312,1932828,UPL.NS,Agriculture,India
2025-04-03 00:00:00+05:30,642.7999877929688,653.7000122070312,636.0499877929688,651.25,2635192,UPL.NS,Agriculture,India
2025-04-04 00:00:00+05:30,649.5,655.4000244140625,631.1500244140625,637.7000122070312,2529542,UPL.NS,Agriculture,India
2025-04-07 00:00:00+05:30,595.0,624.0999755859375,588.8499755859375,614.4500122070312,2010970,UPL.NS,Agriculture,India
2025-04-08 00:00:00+05:30,619.0,628.0999755859375,610.0999755859375,614.5,1696619,UPL.NS,Agriculture,India
2025-04-09 00:00:00+05:30,614.0,615.7999877929688,601.2000122070312,614.25,1911793,UPL.NS,Agriculture,India
2025-04-11 00:00:00+05:30,622.0,645.5499877929688,620.0999755859375,638.8499755859375,2007695,UPL.NS,Agriculture,India
2025-04-15 00:00:00+05:30,649.0,661.9000244140625,638.8499755859375,658.0,2242497,UPL.NS,Agriculture,India
2025-04-16 00:00:00+05:30,660.0,665.4000244140625,654.5499877929688,659.6500244140625,2228299,UPL.NS,Agriculture,India
2025-04-17 00:00:00+05:30,659.6500244140625,664.9500122070312,650.75,656.2000122070312,1595004,UPL.NS,Agriculture,India
2025-04-21 00:00:00+05:30,656.25,672.9000244140625,653.7000122070312,671.1500244140625,3468794,UPL.NS,Agriculture,India
2025-04-22 00:00:00+05:30,673.4500122070312,681.1500244140625,666.0999755859375,672.7000122070312,3727936,UPL.NS,Agriculture,India
2025-04-23 00:00:00+05:30,672.0,682.0,662.0499877929688,679.9000244140625,2856974,UPL.NS,Agriculture,India
2025-04-24 00:00:00+05:30,679.5499877929688,687.0,675.4500122070312,684.2000122070312,2692652,UPL.NS,Agriculture,India
2025-04-25 00:00:00+05:30,683.75,692.2000122070312,656.5499877929688,661.8499755859375,3157081,UPL.NS,Agriculture,India
2025-04-01 00:00:00+05:30,3420.0,3508.0,3412.0,3450.39990234375,289559,PIIND.NS,Agriculture,India
2025-04-02 00:00:00+05:30,3445.050048828125,3510.0,3403.64990234375,3501.60009765625,180181,PIIND.NS,Agriculture,India
2025-04-03 00:00:00+05:30,3470.0,3477.89990234375,3415.0,3453.35009765625,535423,PIIND.NS,Agriculture,India
2025-04-04 00:00:00+05:30,3440.0,3440.0,3292.0,3315.449951171875,430413,PIIND.NS,Agriculture,India
2025-04-07 00:00:00+05:30,3060.0,3270.0,3051.0,3242.050048828125,330450,PIIND.NS,Agriculture,India
2025-04-08 00:00:00+05:30,3259.64990234375,3313.0,3230.14990234375,3277.10009765625,246889,PIIND.NS,Agriculture,India
2025-04-09 00:00:00+05:30,3250.10009765625,3300.0,3215.050048828125,3294.800048828125,127031,PIIND.NS,Agriculture,India
2025-04-11 00:00:00+05:30,3420.0,3699.0,3420.0,3607.449951171875,1520004,PIIND.NS,Agriculture,India
2025-04-15 00:00:00+05:30,3664.0,3664.39990234375,3565.0,3589.39990234375,542128,PIIND.NS,Agriculture,India
2025-04-16 00:00:00+05:30,3574.199951171875,3672.10009765625,3574.10009765625,3641.60009765625,369433,PIIND.NS,Agriculture,India
2025-04-17 00:00:00+05:30,3641.60009765625,3655.0,3612.10009765625,3645.300048828125,78387,PIIND.NS,Agriculture,India
2025-04-21 00:00:00+05:30,3645.300048828125,3710.0,3621.10009765625,3683.89990234375,208161,PIIND.NS,Agriculture,India
2025-04-22 00:00:00+05:30,3694.5,3742.5,3675.300048828125,3699.5,215267,PIIND.NS,Agriculture,India
2025-04-23 00:00:00+05:30,3717.0,3729.0,3630.0,3656.699951171875,169104,PIIND.NS,Agriculture,India
2025-04-24 00:00:00+05:30,3656.60009765625,3678.300048828125,3609.10009765625,3658.39990234375,238189,PIIND.NS,Agriculture,India
2025-04-25 00:00:00+05:30,3670.0,3692.39990234375,3520.0,3583.89990234375,110845,PIIND.NS,Agriculture,India
2025-04-01 00:00:00+05:30,1987.9000244140625,2069.0,1982.0999755859375,2049.050048828125,795326,COROMANDEL.NS,Agriculture,India
2025-04-02 00:00:00+05:30,2049.050048828125,2058.89990234375,2005.0,2049.85009765625,314914,COROMANDEL.NS,Agriculture,India
2025-04-03 00:00:00+05:30,2049.85009765625,2125.0,2020.0,2060.5,626496,COROMANDEL.NS,Agriculture,India
2025-04-04 00:00:00+05:30,2060.5,2069.85009765625,1997.0,2015.3499755859375,394046,COROMANDEL.NS,Agriculture,India
2025-04-07 00:00:00+05:30,1870.0,2009.0,1855.050048828125,1968.699951171875,369881,COROMANDEL.NS,Agriculture,India
2025-04-08 00:00:00+05:30,2015.0,2118.0,1976.300048828125,2063.449951171875,1154951,COROMANDEL.NS,Agriculture,India
2025-04-09 00:00:00+05:30,2063.449951171875,2099.199951171875,1981.050048828125,2004.699951171875,453498,COROMANDEL.NS,Agriculture,India
2025-04-11 00:00:00+05:30,2029.199951171875,2175.0,2028.6500244140625,2060.0,1279884,COROMANDEL.NS,Agriculture,India
2025-04-15 00:00:00+05:30,2079.800048828125,2270.5,2051.0,2194.10009765625,964532,COROMANDEL.NS,Agriculture,India
2025-04-16 00:00:00+05:30,2175.0,2227.60009765625,2106.60009765625,2133.60009765625,1203807,COROMANDEL.NS,Agriculture,India
2025-04-17 00:00:00+05:30,2130.0,2172.5,2101.39990234375,2118.300048828125,538004,COROMANDEL.NS,Agriculture,India
2025-04-21 00:00:00+05:30,2147.60009765625,2228.89990234375,2136.10009765625,2197.89990234375,734189,COROMANDEL.NS,Agriculture,India
2025-04-22 00:00:00+05:30,2204.60009765625,2204.60009765625,2159.800048828125,2172.199951171875,377530,COROMANDEL.NS,Agriculture,India
2025-04-23 00:00:00+05:30,2173.800048828125,2234.5,2157.5,2205.60009765625,957209,COROMANDEL.NS,Agriculture,India
2025-04-24 00:00:00+05:30,2220.0,2254.0,2213.89990234375,2232.60009765625,686591,COROMANDEL.NS,Agriculture,India
2025-04-25 00:00:00+05:30,2241.199951171875,2250.89990234375,2181.300048828125,2201.5,646308,COROMANDEL.NS,Agriculture,India
2025-04-01 00:00:00+05:30,755.9500122070312,760.9000244140625,741.1500244140625,751.6500244140625,183212,GODREJAGRO.NS,Agriculture,India
2025-04-02 00:00:00+05:30,753.8499755859375,785.0999755859375,744.0,781.4500122070312,347119,GODREJAGRO.NS,Agriculture,India
2025-04-03 00:00:00+05:30,776.0,787.2999877929688,762.0,769.7000122070312,352637,GODREJAGRO.NS,Agriculture,India
2025-04-04 00:00:00+05:30,767.0,768.4000244140625,723.5499877929688,739.2000122070312,363897,GODREJAGRO.NS,Agriculture,India
2025-04-07 00:00:00+05:30,670.0,705.4500122070312,668.0,698.9000244140625,470151,GODREJAGRO.NS,Agriculture,India
2025-04-08 00:00:00+05:30,703.0,731.1500244140625,702.25,721.0499877929688,189042,GODREJAGRO.NS,Agriculture,India
2025-04-09 00:00:00+05:30,721.0,744.0,711.0,742.0,223702,GODREJAGRO.NS,Agriculture,India
2025-04-11 00:00:00+05:30,751.0,783.0,747.0499877929688,768.8499755859375,699097,GODREJAGRO.NS,Agriculture,India
2025-04-15 00:00:00+05:30,777.0,792.0,769.2000122070312,778.0999755859375,440514,GODREJAGRO.NS,Agriculture,India
2025-04-16 00:00:00+05:30,776.0499877929688,784.25,765.5,769.5999755859375,290528,GODREJAGRO.NS,Agriculture,India
2025-04-17 00:00:00+05:30,770.0999755859375,789.0,755.0,762.0,605273,GODREJAGRO.NS,Agriculture,India
2025-04-21 00:00:00+05:30,762.0,767.9500122070312,752.7999877929688,757.2999877929688,239540,GODREJAGRO.NS,Agriculture,India
2025-04-22 00:00:00+05:30,757.2999877929688,777.0,751.0,769.25,326976,GODREJAGRO.NS,Agriculture,India
2025-04-23 00:00:00+05:30,774.5,778.5,765.2000122070312,772.4000244140625,206332,GODREJAGRO.NS,Agriculture,India
2025-04-24 00:00:00+05:30,777.7000122070312,799.5999755859375,766.2999877929688,795.2999877929688,820663,GODREJAGRO.NS,Agriculture,India
2025-04-25 00:00:00+05:30,801.0,809.0,756.0499877929688,768.3499755859375,840275,GODREJAGRO.NS,Agriculture,India
2025-04-01 00:00:00+05:30,552.0,560.0,545.0499877929688,556.9500122070312,673541,BALRAMCHIN.NS,Agriculture,India
2025-04-02 00:00:00+05:30,556.9500122070312,570.0,550.0,555.4000244140625,762902,BALRAMCHIN.NS,Agriculture,India
2025-04-03 00:00:00+05:30,548.0,571.5,547.5499877929688,568.0499877929688,397124,BALRAMCHIN.NS,Agriculture,India
2025-04-04 00:00:00+05:30,561.8499755859375,563.6500244140625,545.5,551.9500122070312,309762,BALRAMCHIN.NS,Agriculture,India
2025-04-07 00:00:00+05:30,529.75,543.0,510.8999938964844,536.0999755859375,316163,BALRAMCHIN.NS,Agriculture,India
2025-04-08 00:00:00+05:30,551.75,556.0,524.0,527.0,480329,BALRAMCHIN.NS,Agriculture,India
2025-04-09 00:00:00+05:30,525.0,529.7000122070312,511.54998779296875,520.6500244140625,397712,BALRAMCHIN.NS,Agriculture,India
2025-04-11 00:00:00+05:30,531.0999755859375,538.5,515.4000244140625,529.9000244140625,697592,BALRAMCHIN.NS,Agriculture,India
2025-04-15 00:00:00+05:30,538.2999877929688,555.2000122070312,531.25,551.2000122070312,613031,BALRAMCHIN.NS,Agriculture,India
2025-04-16 00:00:00+05:30,555.0,567.7999877929688,555.0,564.7999877929688,533554,BALRAMCHIN.NS,Agriculture,India
2025-04-17 00:00:00+05:30,564.1500244140625,564.5,552.2000122070312,554.2000122070312,189478,BALRAMCHIN.NS,Agriculture,India
2025-04-21 00:00:00+05:30,555.2000122070312,568.4500122070312,550.0999755859375,566.0499877929688,396801,BALRAMCHIN.NS,Agriculture,India
2025-04-22 00:00:00+05:30,571.5,595.0999755859375,570.5999755859375,591.5999755859375,1312676,BALRAMCHIN.NS,Agriculture,India
2025-04-23 00:00:00+05:30,595.0999755859375,596.4500122070312,573.3499755859375,589.75,485205,BALRAMCHIN.NS,Agriculture,India
2025-04-24 00:00:00+05:30,585.0,603.9000244140625,583.0,600.5999755859375,668872,BALRAMCHIN.NS,Agriculture,India
2025-04-25 00:00:00+05:30,601.0,605.25,568.0999755859375,571.9500122070312,531078,BALRAMCHIN.NS,Agriculture,India
2025-04-01 00:00:00+05:30,1731.0,1733.949951171875,1681.5999755859375,1698.3499755859375,4142445,SUNPHARMA.NS,Pharma,India
2025-04-02 00:00:00+05:30,1695.0,1718.449951171875,1685.9000244140625,1713.6500244140625,3369489,SUNPHARMA.NS,Pharma,India
2025-04-03 00:00:00+05:30,1755.0,1812.699951171875,1750.0,1770.0,5715573,SUNPHARMA.NS,Pharma,India
2025-04-04 00:00:00+05:30,1778.8499755859375,1778.8499755859375,1658.050048828125,1709.3499755859375,5345276,SUNPHARMA.NS,Pharma,India
2025-04-07 00:00:00+05:30,1620.0999755859375,1692.0,1620.0999755859375,1666.3499755859375,5715334,SUNPHARMA.NS,Pharma,India
2025-04-08 00:00:00+05:30,1645.0,1709.8499755859375,1645.0,1688.3499755859375,2807382,SUNPHARMA.NS,Pharma,India
2025-04-09 00:00:00+05:30,1650.0,1679.75,1640.0,1652.199951171875,3481864,SUNPHARMA.NS,Pharma,India
2025-04-11 00:00:00+05:30,1710.0,1737.0,1682.0999755859375,1687.550048828125,3801939,SUNPHARMA.NS,Pharma,India
2025-04-15 00:00:00+05:30,1720.0,1724.5,1696.800048828125,1705.0,1993085,SUNPHARMA.NS,Pharma,India
2025-04-16 00:00:00+05:30,1691.0999755859375,1702.699951171875,1682.0999755859375,1693.0999755859375,2205374,SUNPHARMA.NS,Pharma,India
2025-04-17 00:00:00+05:30,1695.0,1758.0,1687.4000244140625,1751.5,2683908,SUNPHARMA.NS,Pharma,India
2025-04-21 00:00:00+05:30,1761.0,1761.0,1731.300048828125,1744.9000244140625,1539511,SUNPHARMA.NS,Pharma,India
2025-04-22 00:00:00+05:30,1751.0,1755.0,1734.5,1747.4000244140625,961907,SUNPHARMA.NS,Pharma,India
2025-04-23 00:00:00+05:30,1754.199951171875,1791.300048828125,1742.0999755859375,1788.800048828125,1471029,SUNPHARMA.NS,Pharma,India
2025-04-24 00:00:00+05:30,1790.0,1807.9000244140625,1773.9000244140625,1803.9000244140625,2101177,SUNPHARMA.NS,Pharma,India
2025-04-25 00:00:00+05:30,1806.0,1815.5,1764.199951171875,1787.4000244140625,2036801,SUNPHARMA.NS,Pharma,India
2025-04-01 00:00:00+05:30,1438.550048828125,1466.0,1429.0,1444.25,1080262,CIPLA.NS,Pharma,India
2025-04-02 00:00:00+05:30,1441.0,1464.0,1428.4000244140625,1452.3499755859375,1054143,CIPLA.NS,Pharma,India
2025-04-03 00:00:00+05:30,1482.0,1523.300048828125,1480.0,1495.699951171875,3488899,CIPLA.NS,Pharma,India
2025-04-04 00:00:00+05:30,1495.699951171875,1495.699951171875,1390.050048828125,1415.25,2768438,CIPLA.NS,Pharma,India
2025-04-07 00:00:00+05:30,1336.0,1401.3499755859375,1335.0,1384.699951171875,1604721,CIPLA.NS,Pharma,India
2025-04-08 00:00:00+05:30,1394.800048828125,1437.5999755859375,1382.6500244140625,1432.550048828125,1324180,CIPLA.NS,Pharma,India
2025-04-09 00:00:00+05:30,1416.5,1423.0,1396.050048828125,1415.5999755859375,1701314,CIPLA.NS,Pharma,India
2025-04-11 00:00:00+05:30,1460.0,1488.5,1448.550048828125,1463.050048828125,2311803,CIPLA.NS,Pharma,India
2025-04-15 00:00:00+05:30,1482.199951171875,1485.9000244140625,1462.0999755859375,1481.800048828125,1720323,CIPLA.NS,Pharma,India
2025-04-16 00:00:00+05:30,1467.0999755859375,1499.0,1464.4000244140625,1496.4000244140625,1023697,CIPLA.NS,Pharma,India
2025-04-17 00:00:00+05:30,1498.0,1522.0,1486.0,1515.199951171875,1211601,CIPLA.NS,Pharma,India
2025-04-21 00:00:00+05:30,1525.0,1525.0,1505.0,1511.0999755859375,570266,CIPLA.NS,Pharma,India
2025-04-22 00:00:00+05:30,1514.9000244140625,1534.699951171875,1502.699951171875,1528.199951171875,954974,CIPLA.NS,Pharma,India
2025-04-23 00:00:00+05:30,1533.0,1539.0,1516.0,1533.699951171875,819016,CIPLA.NS,Pharma,India
2025-04-24 00:00:00+05:30,1533.699951171875,1556.0,1524.9000244140625,1551.699951171875,1590469,CIPLA.NS,Pharma,India
2025-04-25 00:00:00+05:30,1556.0,1566.699951171875,1513.5,1525.9000244140625,1353813,CIPLA.NS,Pharma,India
2025-04-01 00:00:00+05:30,1144.199951171875,1164.4000244140625,1136.050048828125,1152.199951171875,4158012,DRREDDY.NS,Pharma,India
2025-04-02 00:00:00+05:30,1150.0,1152.699951171875,1135.0,1150.0,2071245,DRREDDY.NS,Pharma,India
2025-04-03 00:00:00+05:30,1190.5,1226.9000244140625,1149.050048828125,1151.449951171875,6324685,DRREDDY.NS,Pharma,India
2025-04-04 00:00:00+05:30,1151.800048828125,1157.449951171875,1076.199951171875,1109.949951171875,5423861,DRREDDY.NS,Pharma,India
2025-04-07 00:00:00+05:30,1020.0,1098.8499755859375,1020.0,1087.9000244140625,3888037,DRREDDY.NS,Pharma,India
2025-04-08 00:00:00+05:30,1100.0,1113.6500244140625,1088.699951171875,1107.949951171875,1577632,DRREDDY.NS,Pharma,India
2025-04-09 00:00:00+05:30,1094.5,1103.25,1061.6500244140625,1094.050048828125,5511474,DRREDDY.NS,Pharma,India
2025-04-11 00:00:00+05:30,1139.9000244140625,1139.9000244140625,1102.25,1109.5,2740831,DRREDDY.NS,Pharma,India
2025-04-15 00:00:00+05:30,1140.9000244140625,1158.0999755859375,1129.0,1154.9000244140625,2683350,DRREDDY.NS,Pharma,India
2025-04-16 00:00:00+05:30,1150.199951171875,1161.4000244140625,1143.699951171875,1158.4000244140625,1451875,DRREDDY.NS,Pharma,India
2025-04-17 00:00:00+05:30,1150.0999755859375,1173.5999755859375,1150.0999755859375,1163.5999755859375,2788024,DRREDDY.NS,Pharma,India
2025-04-21 00:00:00+05:30,1163.4000244140625,1179.699951171875,1155.0,1177.4000244140625,1938756,DRREDDY.NS,Pharma,India
2025-04-22 00:00:00+05:30,1173.9000244140625,1180.5,1162.300048828125,1175.0,1313400,DRREDDY.NS,Pharma,India
2025-04-23 00:00:00+05:30,1185.0999755859375,1191.800048828125,1175.9000244140625,1186.0,3192132,DRREDDY.NS,Pharma,India
2025-04-24 00:00:00+05:30,1179.0,1210.0,1176.300048828125,1200.5,4819678,DRREDDY.NS,Pharma,India
2025-04-25 00:00:00+05:30,1203.9000244140625,1210.5,1159.699951171875,1174.800048828125,1286573,DRREDDY.NS,Pharma,India
2025-04-01 00:00:00+05:30,338.5,348.54998779296875,338.20001220703125,339.1000061035156,1068942,BIOCON.NS,Pharma,India
2025-04-02 00:00:00+05:30,337.8500061035156,344.5,334.8500061035156,342.04998779296875,937244,BIOCON.NS,Pharma,India
2025-04-03 00:00:00+05:30,349.0,357.3999938964844,344.20001220703125,345.75,3567999,BIOCON.NS,Pharma,India
2025-04-04 00:00:00+05:30,342.54998779296875,343.20001220703125,321.29998779296875,327.79998779296875,3716291,BIOCON.NS,Pharma,India
2025-04-07 00:00:00+05:30,299.1000061035156,311.75,299.0,307.5,2647332,BIOCON.NS,Pharma,India
2025-04-08 00:00:00+05:30,312.04998779296875,327.3999938964844,308.5,322.29998779296875,4084647,BIOCON.NS,Pharma,India
2025-04-09 00:00:00+05:30,315.6499938964844,316.1000061035156,305.0,306.29998779296875,3481679,BIOCON.NS,Pharma,India
2025-04-11 00:00:00+05:30,320.0,323.0,313.6000061035156,316.54998779296875,3064653,BIOCON.NS,Pharma,India
2025-04-15 00:00:00+05:30,321.0,330.6499938964844,319.70001220703125,328.8500061035156,3208011,BIOCON.NS,Pharma,India
2025-04-16 00:00:00+05:30,329.04998779296875,331.70001220703125,327.45001220703125,329.1499938964844,1251281,BIOCON.NS,Pharma,India
2025-04-17 00:00:00+05:30,329.1000061035156,333.0,327.54998779296875,331.29998779296875,958981,BIOCON.NS,Pharma,India
2025-04-21 00:00:00+05:30,335.79998779296875,335.79998779296875,329.20001220703125,331.8999938964844,1861695,BIOCON.NS,Pharma,India
2025-04-22 00:00:00+05:30,332.45001220703125,337.25,327.70001220703125,333.79998779296875,2356750,BIOCON.NS,Pharma,India
2025-04-23 00:00:00+05:30,336.1499938964844,339.5,333.1000061035156,335.70001220703125,2687947,BIOCON.NS,Pharma,India
2025-04-24 00:00:00+05:30,334.0,335.0,325.04998779296875,326.75,4713095,BIOCON.NS,Pharma,India
2025-04-25 00:00:00+05:30,326.75,328.3999938964844,308.45001220703125,311.8500061035156,4326450,BIOCON.NS,Pharma,India
2025-04-01 00:00:00+05:30,2017.6500244140625,2021.949951171875,1944.050048828125,1955.4000244140625,1111639,LUPIN.NS,Pharma,India
2025-04-02 00:00:00+05:30,1959.25,2019.5,1938.550048828125,2009.699951171875,1464336,LUPIN.NS,Pharma,India
2025-04-03 00:00:00+05:30,2100.0,2150.0,2070.050048828125,2095.699951171875,3329584,LUPIN.NS,Pharma,India
2025-04-04 00:00:00+05:30,2089.949951171875,2089.949951171875,1916.0,1971.050048828125,3086633,LUPIN.NS,Pharma,India
2025-04-07 00:00:00+05:30,1795.199951171875,1956.949951171875,1795.199951171875,1923.050048828125,1989646,LUPIN.NS,Pharma,India
2025-04-08 00:00:00+05:30,1931.0999755859375,1991.4000244140625,1925.3499755859375,1982.6500244140625,796915,LUPIN.NS,Pharma,India
2025-04-09 00:00:00+05:30,1935.0,1939.25,1908.0,1919.699951171875,1112795,LUPIN.NS,Pharma,India
2025-04-11 00:00:00+05:30,2010.6500244140625,2018.6500244140625,1950.0,1969.25,1084881,LUPIN.NS,Pharma,India
2025-04-15 00:00:00+05:30,2030.0,2030.0,1980.300048828125,2012.800048828125,1250417,LUPIN.NS,Pharma,India
2025-04-16 00:00:00+05:30,2008.199951171875,2029.199951171875,1921.0,1934.199951171875,2011566,LUPIN.NS,Pharma,India
2025-04-17 00:00:00+05:30,1935.0,1961.9000244140625,1922.0999755859375,1937.199951171875,1443207,LUPIN.NS,Pharma,India
2025-04-21 00:00:00+05:30,1954.199951171875,2014.5999755859375,1928.4000244140625,2009.199951171875,966828,LUPIN.NS,Pharma,India
2025-04-22 00:00:00+05:30,2003.0,2061.0,1987.0,2046.699951171875,1256110,LUPIN.NS,Pharma,India
2025-04-23 00:00:00+05:30,2052.0,2104.10009765625,2033.9000244140625,2089.5,1092068,LUPIN.NS,Pharma,India
2025-04-24 00:00:00+05:30,2089.60009765625,2149.5,2082.5,2104.10009765625,1580520,LUPIN.NS,Pharma,India
2025-04-25 00:00:00+05:30,2110.800048828125,2124.89990234375,2011.199951171875,2019.5999755859375,725961,LUPIN.NS,Pharma,India
2025-04-01 00:00:00+05:30,670.5499877929688,681.8499755859375,665.75,671.8499755859375,9594669,TATAMOTORS.NS,Automotive,India
2025-04-02 00:00:00+05:30,674.9500122070312,675.3499755859375,662.0999755859375,671.9000244140625,8025225,TATAMOTORS.NS,Automotive,India
2025-04-03 00:00:00+05:30,660.0,669.0,652.5,653.9500122070312,13473832,TATAMOTORS.NS,Automotive,India
2025-04-04 00:00:00+05:30,650.0,650.0,610.0,613.8499755859375,26621179,TATAMOTORS.NS,Automotive,India
2025-04-07 00:00:00+05:30,560.5,582.0,535.75,579.75,49463598,TATAMOTORS.NS,Automotive,India
2025-04-08 00:00:00+05:30,591.2000122070312,606.5999755859375,584.2000122070312,588.8499755859375,20987855,TATAMOTORS.NS,Automotive,India
2025-04-09 00:00:00+05:30,588.0,594.9000244140625,581.0499877929688,582.9000244140625,17483412,TATAMOTORS.NS,Automotive,India
2025-04-11 00:00:00+05:30,610.0,612.7999877929688,591.0,595.0499877929688,21055814,TATAMOTORS.NS,Automotive,India
2025-04-15 00:00:00+05:30,614.0,628.2999877929688,612.6500244140625,622.2000122070312,19722072,TATAMOTORS.NS,Automotive,India
2025-04-16 00:00:00+05:30,625.0,625.0,613.5999755859375,616.0499877929688,12318376,TATAMOTORS.NS,Automotive,India
2025-04-17 00:00:00+05:30,616.0499877929688,627.0,608.25,621.5499877929688,14342652,TATAMOTORS.NS,Automotive,India
2025-04-21 00:00:00+05:30,624.5999755859375,635.75,620.2000122070312,630.0499877929688,12785568,TATAMOTORS.NS,Automotive,India
2025-04-22 00:00:00+05:30,630.25,633.9500122070312,626.2000122070312,630.8499755859375,10292748,TATAMOTORS.NS,Automotive,India
2025-04-23 00:00:00+05:30,635.9500122070312,661.5,633.3499755859375,659.9000244140625,23390570,TATAMOTORS.NS,Automotive,India
2025-04-24 00:00:00+05:30,660.0999755859375,671.0,660.0999755859375,668.3499755859375,15172229,TATAMOTORS.NS,Automotive,India
2025-04-25 00:00:00+05:30,668.3499755859375,673.0,651.5,655.25,13207043,TATAMOTORS.NS,Automotive,India
2025-04-01 00:00:00+05:30,2652.800048828125,2728.0,2623.14990234375,2637.89990234375,3300417,M&M.NS,Automotive,India
2025-04-02 00:00:00+05:30,2631.10009765625,2660.0,2625.300048828125,2637.550048828125,2243574,M&M.NS,Automotive,India
2025-04-03 00:00:00+05:30,2607.75,2652.39990234375,2600.25,2611.449951171875,2361203,M&M.NS,Automotive,India
2025-04-04 00:00:00+05:30,2614.949951171875,2631.5,2557.050048828125,2596.550048828125,3598415,M&M.NS,Automotive,India
2025-04-07 00:00:00+05:30,2425.0,2524.64990234375,2425.0,2491.25,3937471,M&M.NS,Automotive,India
2025-04-08 00:00:00+05:30,2510.0,2550.0,2454.0,2523.64990234375,4253527,M&M.NS,Automotive,India
2025-04-09 00:00:00+05:30,2540.0,2571.949951171875,2515.949951171875,2523.10009765625,3347213,M&M.NS,Automotive,India
2025-04-11 00:00:00+05:30,2549.0,2604.0,2532.050048828125,2580.35009765625,3600209,M&M.NS,Automotive,India
2025-04-15 00:00:00+05:30,2606.0,2690.0,2606.0,2646.0,3287861,M&M.NS,Automotive,India
2025-04-16 00:00:00+05:30,2660.0,2665.0,2618.300048828125,2634.60009765625,3070954,M&M.NS,Automotive,India
2025-04-17 00:00:00+05:30,2632.0,2682.800048828125,2602.39990234375,2679.39990234375,2638979,M&M.NS,Automotive,India
2025-04-21 00:00:00+05:30,2699.89990234375,2774.0,2665.89990234375,2764.0,3120955,M&M.NS,Automotive,India
2025-04-22 00:00:00+05:30,2765.0,2822.0,2756.0,2817.10009765625,3193757,M&M.NS,Automotive,India
2025-04-23 00:00:00+05:30,2830.0,2923.0,2826.0,2917.800048828125,3906215,M&M.NS,Automotive,India
2025-04-24 00:00:00+05:30,2917.800048828125,2928.0,2865.0,2901.39990234375,2488496,M&M.NS,Automotive,India
2025-04-25 00:00:00+05:30,2901.39990234375,2939.60009765625,2831.10009765625,2864.199951171875,2299310,M&M.NS,Automotive,India
2025-04-01 00:00:00+05:30,11480.0,11545.7998046875,11290.0,11481.099609375,498244,MARUTI.NS,Automotive,India
2025-04-02 00:00:00+05:30,11481.099609375,11732.0,11410.0498046875,11716.099609375,452994,MARUTI.NS,Automotive,India
2025-04-03 00:00:00+05:30,11630.5,11802.9501953125,11611.0498046875,11688.099609375,326624,MARUTI.NS,Automotive,India
2025-04-04 00:00:00+05:30,11600.0,11630.0,11330.0,11482.0,355785,MARUTI.NS,Automotive,India
2025-04-07 00:00:00+05:30,11105.599609375,11358.5,11059.4501953125,11329.75,602353,MARUTI.NS,Automotive,India
2025-04-08 00:00:00+05:30,11530.0,11550.349609375,11290.0498046875,11458.900390625,629968,MARUTI.NS,Automotive,India
2025-04-09 00:00:00+05:30,11460.099609375,11538.7001953125,11425.0,11457.400390625,255114,MARUTI.NS,Automotive,India
2025-04-11 00:00:00+05:30,11480.349609375,11678.75,11480.0,11599.0498046875,231420,MARUTI.NS,Automotive,India
2025-04-15 00:00:00+05:30,11790.0,11940.0,11680.0,11855.0,458593,MARUTI.NS,Automotive,India
2025-04-16 00:00:00+05:30,11768.0,11768.0,11615.0,11664.0,470494,MARUTI.NS,Automotive,India
2025-04-17 00:00:00+05:30,11664.0,11728.0,11525.0,11695.0,302146,MARUTI.NS,Automotive,India
2025-04-21 00:00:00+05:30,11695.0,11769.0,11588.0,11745.0,318493,MARUTI.NS,Automotive,India
2025-04-22 00:00:00+05:30,11770.0,11788.0,11615.0,11734.0,516753,MARUTI.NS,Automotive,India
2025-04-23 00:00:00+05:30,11799.0,11971.0,11729.0,11907.0,493839,MARUTI.NS,Automotive,India
2025-04-24 00:00:00+05:30,11940.0,12040.0,11858.0,11894.0,387863,MARUTI.NS,Automotive,India
2025-04-25 00:00:00+05:30,11902.0,12046.0,11598.0,11698.0,906266,MARUTI.NS,Automotive,India
2025-04-01 00:00:00+05:30,205.0,210.1999969482422,203.61000061035156,209.05999755859375,8371374,ASHOKLEY.NS,Automotive,India
2025-04-02 00:00:00+05:30,209.0800018310547,210.1199951171875,206.52999877929688,208.77000427246094,6284402,ASHOKLEY.NS,Automotive,India
2025-04-03 00:00:00+05:30,205.0,210.4499969482422,204.50999450683594,209.94000244140625,6556132,ASHOKLEY.NS,Automotive,India
2025-04-04 00:00:00+05:30,208.99000549316406,209.08999633789062,203.10000610351562,205.13999938964844,4603475,ASHOKLEY.NS,Automotive,India
2025-04-07 00:00:00+05:30,196.39999389648438,201.0500030517578,191.86000061035156,197.58999633789062,9754784,ASHOKLEY.NS,Automotive,India
2025-04-08 00:00:00+05:30,201.0,203.5,197.99000549316406,201.82000732421875,4276450,ASHOKLEY.NS,Automotive,India
2025-04-09 00:00:00+05:30,201.0,205.85000610351562,199.5,204.67999267578125,4279677,ASHOKLEY.NS,Automotive,India
2025-04-11 00:00:00+05:30,207.10000610351562,209.8000030517578,206.6999969482422,208.5,3837281,ASHOKLEY.NS,Automotive,India
2025-04-15 00:00:00+05:30,211.0,215.52999877929688,210.11000061035156,214.9499969482422,7093667,ASHOKLEY.NS,Automotive,India
2025-04-16 00:00:00+05:30,214.6999969482422,215.5,212.8699951171875,214.39999389648438,4834906,ASHOKLEY.NS,Automotive,India
2025-04-17 00:00:00+05:30,214.2899932861328,219.39999389648438,212.8300018310547,218.97999572753906,6372845,ASHOKLEY.NS,Automotive,India
2025-04-21 00:00:00+05:30,219.44000244140625,223.10000610351562,218.16000366210938,222.05999755859375,5302390,ASHOKLEY.NS,Automotive,India
2025-04-22 00:00:00+05:30,222.0,225.33999633789062,220.91000366210938,222.6699981689453,5057422,ASHOKLEY.NS,Automotive,India
2025-04-23 00:00:00+05:30,224.0,231.3800048828125,223.0,230.67999267578125,10947162,ASHOKLEY.NS,Automotive,India
2025-04-24 00:00:00+05:30,230.14999389648438,232.10000610351562,228.8300018310547,230.6199951171875,6141469,ASHOKLEY.NS,Automotive,India
2025-04-25 00:00:00+05:30,230.69000244140625,233.0,223.24000549316406,225.0399932861328,6984672,ASHOKLEY.NS,Automotive,India
2025-04-01 00:00:00+05:30,5365.5498046875,5525.0,5266.10009765625,5307.2001953125,562006,EICHERMOT.NS,Automotive,India
2025-04-02 00:00:00+05:30,5361.7001953125,5393.9501953125,5311.25,5355.5,365908,EICHERMOT.NS,Automotive,India
2025-04-03 00:00:00+05:30,5265.0,5408.2998046875,5265.0,5379.14990234375,224286,EICHERMOT.NS,Automotive,India
2025-04-04 00:00:00+05:30,5350.9501953125,5355.10009765625,5230.0,5247.89990234375,261887,EICHERMOT.NS,Automotive,India
2025-04-07 00:00:00+05:30,5000.0,5167.39990234375,4999.9501953125,5065.25,519173,EICHERMOT.NS,Automotive,India
2025-04-08 00:00:00+05:30,5165.5498046875,5269.0,5109.7998046875,5231.35009765625,355195,EICHERMOT.NS,Automotive,India
2025-04-09 00:00:00+05:30,5270.5498046875,5324.0,5182.35009765625,5258.2998046875,472302,EICHERMOT.NS,Automotive,India
2025-04-11 00:00:00+05:30,5290.0,5409.0,5290.0,5350.89990234375,500528,EICHERMOT.NS,Automotive,India
2025-04-15 00:00:00+05:30,5464.0,5557.0,5399.0,5529.0,542322,EICHERMOT.NS,Automotive,India
2025-04-16 00:00:00+05:30,5549.0,5630.0,5539.0,5615.5,734279,EICHERMOT.NS,Automotive,India
2025-04-17 00:00:00+05:30,5615.5,5715.5,5576.0,5678.5,564357,EICHERMOT.NS,Automotive,India
2025-04-21 00:00:00+05:30,5695.5,5857.5,5643.5,5810.5,551547,EICHERMOT.NS,Automotive,India
2025-04-22 00:00:00+05:30,5811.0,5906.5,5766.5,5784.0,459537,EICHERMOT.NS,Automotive,India
2025-04-23 00:00:00+05:30,5789.0,5816.5,5605.5,5740.0,582611,EICHERMOT.NS,Automotive,India
2025-04-24 00:00:00+05:30,5736.0,5774.5,5620.0,5650.5,503663,EICHERMOT.NS,Automotive,India
2025-04-25 00:00:00+05:30,5662.5,5668.0,5517.5,5575.5,457510,EICHERMOT.NS,Automotive,India
